filename,runIndex,vertices,triangulations,timeSeconds,peakMemoryKB,memoryPerVertexKB,startTime,endTime,status,totalChecks,successfulChecks,failedChecks,checkSuccessRate,invalidTraversals,totalTraversalsExtended,traversalSuccessRate
case_001.txt,1,4,1,0.000001379,4444,1111.000000,2026-09-24 00:50:48,2026-09-24 00:50:48,completed,0,0,0,0.00,0,1,100.00
case_001.txt,2,4,1,0.000000916,4444,1111.000000,2026-09-24 00:50:48,2026-09-24 00:50:48,completed,0,0,0,0.00,0,1,100.00
case_001.txt,3,4,1,0.000001419,4444,1111.000000,2026-09-24 00:50:48,2026-09-24 00:50:48,completed,0,0,0,0.00,0,1,100.00
case_001.txt,4,4,1,0.000001211,4444,1111.000000,2026-09-24 00:50:48,2026-09-24 00:50:48,completed,0,0,0,0.00,0,1,100.00
case_001.txt,5,4,1,0.000001349,4444,1111.000000,2026-09-24 00:50:48,2026-09-24 00:50:48,completed,0,0,0,0.00,0,1,100.00
case_001.txt,6,4,1,0.000001202,4444,1111.000000,2026-09-24 00:50:48,2026-09-24 00:50:48,completed,0,0,0,0.00,0,1,100.00
case_001.txt,7,4,1,0.000001241,4444,1111.000000,2026-09-24 00:50:48,2026-09-24 00:50:48,completed,0,0,0,0.00,0,1,100.00
case_001.txt,8,4,1,0.000001536,4444,1111.000000,2026-09-24 00:50:48,2026-09-24 00:50:48,completed,0,0,0,0.00,0,1,100.00
case_001.txt,9,4,1,0.000001488,4444,1111.000000,2026-09-24 00:50:48,2026-09-24 00:50:48,completed,0,0,0,0.00,0,1,100.00
case_001.txt,10,4,1,0.000001832,4444,1111.000000,2026-09-24 00:50:48,2026-09-24 00:50:48,completed,0,0,0,0.00,0,1,100.00
case_002.txt,1,6,8,0.000009682,4444,740.666667,2026-09-24 00:50:48,2026-09-24 00:50:48,completed,0,0,0,0.00,0,8,100.00
case_002.txt,2,6,8,0.000012933,4444,740.666667,2026-09-24 00:50:48,2026-09-24 00:50:48,completed,0,0,0,0.00,0,8,100.00
case_002.txt,3,6,8,0.000010697,4444,740.666667,2026-09-24 00:50:48,2026-09-24 00:50:48,completed,0,0,0,0.00,0,8,100.00
case_002.txt,4,6,8,0.000009918,4444,740.666667,2026-09-24 00:50:48,2026-09-24 00:50:48,completed,0,0,0,0.00,0,8,100.00
case_002.txt,5,6,8,0.000008885,4444,740.666667,2026-09-24 00:50:48,2026-09-24 00:50:48,completed,0,0,0,0.00,0,8,100.00
case_002.txt,6,6,8,0.000008795,4444,740.666667,2026-09-24 00:50:48,2026-09-24 00:50:48,completed,0,0,0,0.00,0,8,100.00
case_002.txt,7,6,8,0.000009505,4444,740.666667,2026-09-24 00:50:48,2026-09-24 00:50:48,completed,0,0,0,0.00,0,8,100.00
case_002.txt,8,6,8,0.000006422,4444,740.666667,2026-09-24 00:50:48,2026-09-24 00:50:48,completed,0,0,0,0.00,0,8,100.00
case_002.txt,9,6,8,0.000009170,4444,740.666667,2026-09-24 00:50:48,2026-09-24 00:50:48,completed,0,0,0,0.00,0,8,100.00
case_002.txt,10,6,8,0.000012775,4444,740.666667,2026-09-24 00:50:48,2026-09-24 00:50:48,completed,0,0,0,0.00,0,8,100.00
case_003.txt,1,7,20,0.000018684,4444,634.857143,2026-09-24 00:50:48,2026-09-24 00:50:48,completed,0,0,0,0.00,0,20,100.00
case_003.txt,2,7,20,0.000013700,4444,634.857143,2026-09-24 00:50:48,2026-09-24 00:50:48,completed,0,0,0,0.00,0,20,100.00
case_003.txt,3,7,20,0.000015099,4444,634.857143,2026-09-24 00:50:48,2026-09-24 00:50:48,completed,0,0,0,0.00,0,20,100.00
case_003.txt,4,7,20,0.000012026,4444,634.857143,2026-09-24 00:50:48,2026-09-24 00:50:48,completed,0,0,0,0.00,0,20,100.00
case_003.txt,5,7,20,0.000011308,4444,634.857143,2026-09-24 00:50:48,2026-09-24 00:50:48,completed,0,0,0,0.00,0,20,100.00
case_003.txt,6,7,20,0.000011563,4444,634.857143,2026-09-24 00:50:48,2026-09-24 00:50:48,completed,0,0,0,0.00,0,20,100.00
case_003.txt,7,7,20,0.000011061,4444,634.857143,2026-09-24 00:50:48,2026-09-24 00:50:48,completed,0,0,0,0.00,0,20,100.00
case_003.txt,8,7,20,0.000010864,4444,634.857143,2026-09-24 00:50:48,2026-09-24 00:50:48,completed,0,0,0,0.00,0,20,100.00
case_003.txt,9,7,20,0.000012243,4444,634.857143,2026-09-24 00:50:48,2026-09-24 00:50:48,completed,0,0,0,0.00,0,20,100.00
case_003.txt,10,7,20,0.000011071,4444,634.857143,2026-09-24 00:50:48,2026-09-24 00:50:48,completed,0,0,0,0.00,0,20,100.00
case_004.txt,1,8,100,0.000038285,4444,555.500000,2026-09-24 00:50:48,2026-09-24 00:50:48,completed,0,0,0,0.00,0,100,100.00
case_004.txt,2,8,100,0.000056931,4444,555.500000,2026-09-24 00:50:48,2026-09-24 00:50:48,completed,0,0,0,0.00,0,100,100.00
case_004.txt,3,8,100,0.000036405,4444,555.500000,2026-09-24 00:50:48,2026-09-24 00:50:48,completed,0,0,0,0.00,0,100,100.00
case_004.txt,4,8,100,0.000035518,4444,555.500000,2026-09-24 00:50:48,2026-09-24 00:50:48,completed,0,0,0,0.00,0,100,100.00
case_004.txt,5,8,100,0.000035921,4444,555.500000,2026-09-24 00:50:48,2026-09-24 00:50:48,completed,0,0,0,0.00,0,100,100.00
case_004.txt,6,8,100,0.000036267,4444,555.500000,2026-09-24 00:50:48,2026-09-24 00:50:48,completed,0,0,0,0.00,0,100,100.00
case_004.txt,7,8,100,0.000070100,4444,555.500000,2026-09-24 00:50:48,2026-09-24 00:50:48,completed,0,0,0,0.00,0,100,100.00
case_004.txt,8,8,100,0.000036858,4444,555.500000,2026-09-24 00:50:48,2026-09-24 00:50:48,completed,0,0,0,0.00,0,100,100.00
case_004.txt,9,8,100,0.000037173,4444,555.500000,2026-09-24 00:50:48,2026-09-24 00:50:48,completed,0,0,0,0.00,0,100,100.00
case_004.txt,10,8,100,0.000039211,4444,555.500000,2026-09-24 00:50:48,2026-09-24 00:50:48,completed,0,0,0,0.00,0,100,100.00
case_005.txt,1,9,280,0.000098201,4444,493.777778,2026-09-24 00:50:48,2026-09-24 00:50:48,completed,0,0,0,0.00,0,280,100.00
case_005.txt,2,9,280,0.000099550,4444,493.777778,2026-09-24 00:50:48,2026-09-24 00:50:48,completed,0,0,0,0.00,0,280,100.00
case_005.txt,3,9,280,0.000098349,4444,493.777778,2026-09-24 00:50:48,2026-09-24 00:50:48,completed,0,0,0,0.00,0,280,100.00
case_005.txt,4,9,280,0.000097482,4444,493.777778,2026-09-24 00:50:48,2026-09-24 00:50:48,completed,0,0,0,0.00,0,280,100.00
case_005.txt,5,9,280,0.000096901,4444,493.777778,2026-09-24 00:50:48,2026-09-24 00:50:48,completed,0,0,0,0.00,0,280,100.00
case_005.txt,6,9,280,0.000097196,4444,493.777778,2026-09-24 00:50:48,2026-09-24 00:50:48,completed,0,0,0,0.00,0,280,100.00
case_005.txt,7,9,280,0.000096507,4444,493.777778,2026-09-24 00:50:48,2026-09-24 00:50:48,completed,0,0,0,0.00,0,280,100.00
case_005.txt,8,9,280,0.000098507,4444,493.777778,2026-09-24 00:50:48,2026-09-24 00:50:48,completed,0,0,0,0.00,0,280,100.00
case_005.txt,9,9,280,0.000097522,4444,493.777778,2026-09-24 00:50:48,2026-09-24 00:50:48,completed,0,0,0,0.00,0,280,100.00
case_005.txt,10,9,280,0.000099068,4444,493.777778,2026-09-24 00:50:48,2026-09-24 00:50:48,completed,0,0,0,0.00,0,280,100.00
case_006.txt,1,9,224,0.000086470,4444,493.777778,2026-09-24 00:50:48,2026-09-24 00:50:48,completed,0,0,0,0.00,0,224,100.00
case_006.txt,2,9,224,0.000100644,4444,493.777778,2026-09-24 00:50:49,2026-09-24 00:50:49,completed,0,0,0,0.00,0,224,100.00
case_006.txt,3,9,224,0.000086519,4444,493.777778,2026-09-24 00:50:49,2026-09-24 00:50:49,completed,0,0,0,0.00,0,224,100.00
case_006.txt,4,9,224,0.000098053,4444,493.777778,2026-09-24 00:50:49,2026-09-24 00:50:49,completed,0,0,0,0.00,0,224,100.00
case_006.txt,5,9,224,0.000099443,4444,493.777778,2026-09-24 00:50:49,2026-09-24 00:50:49,completed,0,0,0,0.00,0,224,100.00
case_006.txt,6,9,224,0.000092794,4444,493.777778,2026-09-24 00:50:49,2026-09-24 00:50:49,completed,0,0,0,0.00,0,224,100.00
case_006.txt,7,9,224,0.000126381,4444,493.777778,2026-09-24 00:50:49,2026-09-24 00:50:49,completed,0,0,0,0.00,0,224,100.00
case_006.txt,8,9,224,0.000084855,4444,493.777778,2026-09-24 00:50:49,2026-09-24 00:50:49,completed,0,0,0,0.00,0,224,100.00
case_006.txt,9,9,224,0.000084668,4444,493.777778,2026-09-24 00:50:49,2026-09-24 00:50:49,completed,0,0,0,0.00,0,224,100.00
case_006.txt,10,9,224,0.000087425,4444,493.777778,2026-09-24 00:50:49,2026-09-24 00:50:49,completed,0,0,0,0.00,0,224,100.00
case_007.txt,1,10,1568,0.000467258,4444,444.400000,2026-09-24 00:50:49,2026-09-24 00:50:49,completed,0,0,0,0.00,0,1568,100.00
case_007.txt,2,10,1568,0.000476025,4444,444.400000,2026-09-24 00:50:49,2026-09-24 00:50:49,completed,0,0,0,0.00,0,1568,100.00
case_007.txt,3,10,1568,0.000503987,4444,444.400000,2026-09-24 00:50:49,2026-09-24 00:50:49,completed,0,0,0,0.00,0,1568,100.00
case_007.txt,4,10,1568,0.000468607,4444,444.400000,2026-09-24 00:50:49,2026-09-24 00:50:49,completed,0,0,0,0.00,0,1568,100.00
case_007.txt,5,10,1568,0.000471572,4444,444.400000,2026-09-24 00:50:49,2026-09-24 00:50:49,completed,0,0,0,0.00,0,1568,100.00
case_007.txt,6,10,1568,0.000462944,4444,444.400000,2026-09-24 00:50:49,2026-09-24 00:50:49,completed,0,0,0,0.00,0,1568,100.00
case_007.txt,7,10,1568,0.000510124,4444,444.400000,2026-09-24 00:50:49,2026-09-24 00:50:49,completed,0,0,0,0.00,0,1568,100.00
case_007.txt,8,10,1568,0.000481944,4444,444.400000,2026-09-24 00:50:49,2026-09-24 00:50:49,completed,0,0,0,0.00,0,1568,100.00
case_007.txt,9,10,1568,0.000472291,4444,444.400000,2026-09-24 00:50:49,2026-09-24 00:50:49,completed,0,0,0,0.00,0,1568,100.00
case_007.txt,10,10,1568,0.000482505,4444,444.400000,2026-09-24 00:50:49,2026-09-24 00:50:49,completed,0,0,0,0.00,0,1568,100.00
case_008.txt,1,10,1400,0.000373548,4444,444.400000,2026-09-24 00:50:49,2026-09-24 00:50:49,completed,0,0,0,0.00,0,1400,100.00
case_008.txt,2,10,1400,0.000369303,4444,444.400000,2026-09-24 00:50:49,2026-09-24 00:50:49,completed,0,0,0,0.00,0,1400,100.00
case_008.txt,3,10,1400,0.000369747,4444,444.400000,2026-09-24 00:50:49,2026-09-24 00:50:49,completed,0,0,0,0.00,0,1400,100.00
case_008.txt,4,10,1400,0.000371490,4444,444.400000,2026-09-24 00:50:49,2026-09-24 00:50:49,completed,0,0,0,0.00,0,1400,100.00
case_008.txt,5,10,1400,0.000374770,4444,444.400000,2026-09-24 00:50:49,2026-09-24 00:50:49,completed,0,0,0,0.00,0,1400,100.00
case_008.txt,6,10,1400,0.000368929,4444,444.400000,2026-09-24 00:50:49,2026-09-24 00:50:49,completed,0,0,0,0.00,0,1400,100.00
case_008.txt,7,10,1400,0.000371647,4444,444.400000,2026-09-24 00:50:49,2026-09-24 00:50:49,completed,0,0,0,0.00,0,1400,100.00
case_008.txt,8,10,1400,0.000368318,4444,444.400000,2026-09-24 00:50:49,2026-09-24 00:50:49,completed,0,0,0,0.00,0,1400,100.00
case_008.txt,9,10,1400,0.000387702,4444,444.400000,2026-09-24 00:50:49,2026-09-24 00:50:49,completed,0,0,0,0.00,0,1400,100.00
case_008.txt,10,10,1400,0.000390795,4444,444.400000,2026-09-24 00:50:49,2026-09-24 00:50:49,completed,0,0,0,0.00,0,1400,100.00
case_009.txt,1,10,1750,0.000400113,4444,444.400000,2026-09-24 00:50:49,2026-09-24 00:50:49,completed,0,0,0,0.00,0,1750,100.00
case_009.txt,2,10,1750,0.000392617,4444,444.400000,2026-09-24 00:50:49,2026-09-24 00:50:49,completed,0,0,0,0.00,0,1750,100.00
case_009.txt,3,10,1750,0.000415705,4444,444.400000,2026-09-24 00:50:49,2026-09-24 00:50:49,completed,0,0,0,0.00,0,1750,100.00
case_009.txt,4,10,1750,0.000390687,4444,444.400000,2026-09-24 00:50:49,2026-09-24 00:50:49,completed,0,0,0,0.00,0,1750,100.00
case_009.txt,5,10,1750,0.000387968,4444,444.400000,2026-09-24 00:50:49,2026-09-24 00:50:49,completed,0,0,0,0.00,0,1750,100.00
case_009.txt,6,10,1750,0.000402664,4444,444.400000,2026-09-24 00:50:49,2026-09-24 00:50:49,completed,0,0,0,0.00,0,1750,100.00
case_009.txt,7,10,1750,0.000394538,4444,444.400000,2026-09-24 00:50:49,2026-09-24 00:50:49,completed,0,0,0,0.00,0,1750,100.00
case_009.txt,8,10,1750,0.000733475,4444,444.400000,2026-09-24 00:50:49,2026-09-24 00:50:49,completed,0,0,0,0.00,0,1750,100.00
case_009.txt,9,10,1750,0.000590487,4444,444.400000,2026-09-24 00:50:49,2026-09-24 00:50:49,completed,0,0,0,0.00,0,1750,100.00
case_009.txt,10,10,1750,0.000557156,4444,444.400000,2026-09-24 00:50:49,2026-09-24 00:50:49,completed,0,0,0,0.00,0,1750,100.00
case_010.txt,1,9,280,0.000145638,4444,493.777778,2026-09-24 00:50:49,2026-09-24 00:50:49,completed,0,0,0,0.00,0,280,100.00
case_010.txt,2,9,280,0.000107953,4444,493.777778,2026-09-24 00:50:49,2026-09-24 00:50:49,completed,0,0,0,0.00,0,280,100.00
case_010.txt,3,9,280,0.000095404,4444,493.777778,2026-09-24 00:50:49,2026-09-24 00:50:49,completed,0,0,0,0.00,0,280,100.00
case_010.txt,4,9,280,0.000145657,4444,493.777778,2026-09-24 00:50:49,2026-09-24 00:50:49,completed,0,0,0,0.00,0,280,100.00
case_010.txt,5,9,280,0.000096182,4444,493.777778,2026-09-24 00:50:49,2026-09-24 00:50:49,completed,0,0,0,0.00,0,280,100.00
case_010.txt,6,9,280,0.000095345,4444,493.777778,2026-09-24 00:50:49,2026-09-24 00:50:49,completed,0,0,0,0.00,0,280,100.00
case_010.txt,7,9,280,0.000095779,4444,493.777778,2026-09-24 00:50:49,2026-09-24 00:50:49,completed,0,0,0,0.00,0,280,100.00
case_010.txt,8,9,280,0.000105026,4444,493.777778,2026-09-24 00:50:49,2026-09-24 00:50:49,completed,0,0,0,0.00,0,280,100.00
case_010.txt,9,9,280,0.000157308,4444,493.777778,2026-09-24 00:50:49,2026-09-24 00:50:49,completed,0,0,0,0.00,0,280,100.00
case_010.txt,10,9,280,0.000095089,4444,493.777778,2026-09-24 00:50:49,2026-09-24 00:50:49,completed,0,0,0,0.00,0,280,100.00
case_011.txt,1,10,840,0.000344266,4444,444.400000,2026-09-24 00:50:49,2026-09-24 00:50:49,completed,0,0,0,0.00,0,840,100.00
case_011.txt,2,10,840,0.000349712,4444,444.400000,2026-09-24 00:50:49,2026-09-24 00:50:49,completed,0,0,0,0.00,0,840,100.00
case_011.txt,3,10,840,0.000343556,4444,444.400000,2026-09-24 00:50:49,2026-09-24 00:50:49,completed,0,0,0,0.00,0,840,100.00
case_011.txt,4,10,840,0.000345782,4444,444.400000,2026-09-24 00:50:49,2026-09-24 00:50:49,completed,0,0,0,0.00,0,840,100.00
case_011.txt,5,10,840,0.000345773,4444,444.400000,2026-09-24 00:50:49,2026-09-24 00:50:49,completed,0,0,0,0.00,0,840,100.00
case_011.txt,6,10,840,0.000351613,4444,444.400000,2026-09-24 00:50:49,2026-09-24 00:50:49,completed,0,0,0,0.00,0,840,100.00
case_011.txt,7,10,840,0.000390706,4444,444.400000,2026-09-24 00:50:49,2026-09-24 00:50:49,completed,0,0,0,0.00,0,840,100.00
case_011.txt,8,10,840,0.000379882,4444,444.400000,2026-09-24 00:50:49,2026-09-24 00:50:49,completed,0,0,0,0.00,0,840,100.00
case_011.txt,9,10,840,0.000344778,4444,444.400000,2026-09-24 00:50:49,2026-09-24 00:50:49,completed,0,0,0,0.00,0,840,100.00
case_011.txt,10,10,840,0.000350460,4444,444.400000,2026-09-24 00:50:49,2026-09-24 00:50:49,completed,0,0,0,0.00,0,840,100.00
case_012.txt,1,11,4200,0.001445437,4444,404.000000,2026-09-24 00:50:49,2026-09-24 00:50:49,completed,0,0,0,0.00,0,4200,100.00
case_012.txt,2,11,4200,0.001390417,4444,404.000000,2026-09-24 00:50:49,2026-09-24 00:50:49,completed,0,0,0,0.00,0,4200,100.00
case_012.txt,3,11,4200,0.001535729,4444,404.000000,2026-09-24 00:50:49,2026-09-24 00:50:49,completed,0,0,0,0.00,0,4200,100.00
case_012.txt,4,11,4200,0.001375545,4444,404.000000,2026-09-24 00:50:49,2026-09-24 00:50:49,completed,0,0,0,0.00,0,4200,100.00
case_012.txt,5,11,4200,0.001446127,4444,404.000000,2026-09-24 00:50:49,2026-09-24 00:50:49,completed,0,0,0,0.00,0,4200,100.00
case_012.txt,6,11,4200,0.001495208,4444,404.000000,2026-09-24 00:50:49,2026-09-24 00:50:49,completed,0,0,0,0.00,0,4200,100.00
case_012.txt,7,11,4200,0.001568322,4444,404.000000,2026-09-24 00:50:49,2026-09-24 00:50:49,completed,0,0,0,0.00,0,4200,100.00
case_012.txt,8,11,4200,0.001374116,4444,404.000000,2026-09-24 00:50:49,2026-09-24 00:50:49,completed,0,0,0,0.00,0,4200,100.00
case_012.txt,9,11,4200,0.001380814,4444,404.000000,2026-09-24 00:50:49,2026-09-24 00:50:49,completed,0,0,0,0.00,0,4200,100.00
case_012.txt,10,11,4200,0.001393599,4444,404.000000,2026-09-24 00:50:49,2026-09-24 00:50:49,completed,0,0,0,0.00,0,4200,100.00
case_013.txt,1,11,5250,0.001791486,4444,404.000000,2026-09-24 00:50:49,2026-09-24 00:50:49,completed,0,0,0,0.00,0,5250,100.00
case_013.txt,2,11,5250,0.001813499,4444,404.000000,2026-09-24 00:50:49,2026-09-24 00:50:49,completed,0,0,0,0.00,0,5250,100.00
case_013.txt,3,11,5250,0.001907081,4444,404.000000,2026-09-24 00:50:49,2026-09-24 00:50:49,completed,0,0,0,0.00,0,5250,100.00
case_013.txt,4,11,5250,0.001895688,4444,404.000000,2026-09-24 00:50:49,2026-09-24 00:50:49,completed,0,0,0,0.00,0,5250,100.00
case_013.txt,5,11,5250,0.001771274,4444,404.000000,2026-09-24 00:50:49,2026-09-24 00:50:49,completed,0,0,0,0.00,0,5250,100.00
case_013.txt,6,11,5250,0.001833101,4444,404.000000,2026-09-24 00:50:49,2026-09-24 00:50:49,completed,0,0,0,0.00,0,5250,100.00
case_013.txt,7,11,5250,0.002210855,4444,404.000000,2026-09-24 00:50:49,2026-09-24 00:50:49,completed,0,0,0,0.00,0,5250,100.00
case_013.txt,8,11,5250,0.001909721,4444,404.000000,2026-09-24 00:50:49,2026-09-24 00:50:49,completed,0,0,0,0.00,0,5250,100.00
case_013.txt,9,11,5250,0.002464336,4444,404.000000,2026-09-24 00:50:49,2026-09-24 00:50:49,completed,0,0,0,0.00,0,5250,100.00
case_013.txt,10,11,5250,0.002087566,4444,404.000000,2026-09-24 00:50:50,2026-09-24 00:50:50,completed,0,0,0,0.00,0,5250,100.00
case_014.txt,1,10,672,0.000360646,4444,444.400000,2026-09-24 00:50:50,2026-09-24 00:50:50,completed,0,0,0,0.00,0,672,100.00
case_014.txt,2,10,672,0.000292712,4444,444.400000,2026-09-24 00:50:50,2026-09-24 00:50:50,completed,0,0,0,0.00,0,672,100.00
case_014.txt,3,10,672,0.000372484,4444,444.400000,2026-09-24 00:50:50,2026-09-24 00:50:50,completed,0,0,0,0.00,0,672,100.00
case_014.txt,4,10,672,0.000254003,4444,444.400000,2026-09-24 00:50:50,2026-09-24 00:50:50,completed,0,0,0,0.00,0,672,100.00
case_014.txt,5,10,672,0.000248196,4444,444.400000,2026-09-24 00:50:50,2026-09-24 00:50:50,completed,0,0,0,0.00,0,672,100.00
case_014.txt,6,10,672,0.000242166,4444,444.400000,2026-09-24 00:50:50,2026-09-24 00:50:50,completed,0,0,0,0.00,0,672,100.00
case_014.txt,7,10,672,0.000240788,4444,444.400000,2026-09-24 00:50:50,2026-09-24 00:50:50,completed,0,0,0,0.00,0,672,100.00
case_014.txt,8,10,672,0.000244915,4444,444.400000,2026-09-24 00:50:50,2026-09-24 00:50:50,completed,0,0,0,0.00,0,672,100.00
case_014.txt,9,10,672,0.000242660,4444,444.400000,2026-09-24 00:50:50,2026-09-24 00:50:50,completed,0,0,0,0.00,0,672,100.00
case_014.txt,10,10,672,0.000243054,4444,444.400000,2026-09-24 00:50:50,2026-09-24 00:50:50,completed,0,0,0,0.00,0,672,100.00
case_015.txt,1,11,4704,0.001444046,4444,404.000000,2026-09-24 00:50:50,2026-09-24 00:50:50,completed,0,0,0,0.00,0,4704,100.00
case_015.txt,2,11,4704,0.001778881,4444,404.000000,2026-09-24 00:50:50,2026-09-24 00:50:50,completed,0,0,0,0.00,0,4704,100.00
case_015.txt,3,11,4704,0.001433594,4444,404.000000,2026-09-24 00:50:50,2026-09-24 00:50:50,completed,0,0,0,0.00,0,4704,100.00
case_015.txt,4,11,4704,0.001453956,4444,404.000000,2026-09-24 00:50:50,2026-09-24 00:50:50,completed,0,0,0,0.00,0,4704,100.00
case_015.txt,5,11,4704,0.001497921,4444,404.000000,2026-09-24 00:50:50,2026-09-24 00:50:50,completed,0,0,0,0.00,0,4704,100.00
case_015.txt,6,11,4704,0.001429180,4444,404.000000,2026-09-24 00:50:50,2026-09-24 00:50:50,completed,0,0,0,0.00,0,4704,100.00
case_015.txt,7,11,4704,0.001598756,4444,404.000000,2026-09-24 00:50:50,2026-09-24 00:50:50,completed,0,0,0,0.00,0,4704,100.00
case_015.txt,8,11,4704,0.001425142,4444,404.000000,2026-09-24 00:50:50,2026-09-24 00:50:50,completed,0,0,0,0.00,0,4704,100.00
case_015.txt,9,11,4704,0.001799933,4444,404.000000,2026-09-24 00:50:50,2026-09-24 00:50:50,completed,0,0,0,0.00,0,4704,100.00
case_015.txt,10,11,4704,0.001429121,4444,404.000000,2026-09-24 00:50:50,2026-09-24 00:50:50,completed,0,0,0,0.00,0,4704,100.00
case_016.txt,1,11,4200,0.000925451,4444,404.000000,2026-09-24 00:50:50,2026-09-24 00:50:50,completed,0,0,0,0.00,0,4200,100.00
case_016.txt,2,11,4200,0.001052538,4444,404.000000,2026-09-24 00:50:50,2026-09-24 00:50:50,completed,0,0,0,0.00,0,4200,100.00
case_016.txt,3,11,4200,0.000879900,4444,404.000000,2026-09-24 00:50:50,2026-09-24 00:50:50,completed,0,0,0,0.00,0,4200,100.00
case_016.txt,4,11,4200,0.000886343,4444,404.000000,2026-09-24 00:50:50,2026-09-24 00:50:50,completed,0,0,0,0.00,0,4200,100.00
case_016.txt,5,11,4200,0.000876945,4444,404.000000,2026-09-24 00:50:50,2026-09-24 00:50:50,completed,0,0,0,0.00,0,4200,100.00
case_016.txt,6,11,4200,0.000895908,4444,404.000000,2026-09-24 00:50:50,2026-09-24 00:50:50,completed,0,0,0,0.00,0,4200,100.00
case_016.txt,7,11,4200,0.000873181,4444,404.000000,2026-09-24 00:50:50,2026-09-24 00:50:50,completed,0,0,0,0.00,0,4200,100.00
case_016.txt,8,11,4200,0.000876925,4444,404.000000,2026-09-24 00:50:50,2026-09-24 00:50:50,completed,0,0,0,0.00,0,4200,100.00
case_016.txt,9,11,4200,0.000867123,4444,404.000000,2026-09-24 00:50:50,2026-09-24 00:50:50,completed,0,0,0,0.00,0,4200,100.00
case_016.txt,10,11,4200,0.000895898,4444,404.000000,2026-09-24 00:50:50,2026-09-24 00:50:50,completed,0,0,0,0.00,0,4200,100.00
case_017.txt,1,11,4704,0.001411045,4444,404.000000,2026-09-24 00:50:50,2026-09-24 00:50:50,completed,0,0,0,0.00,0,4704,100.00
case_017.txt,2,11,4704,0.001388142,4444,404.000000,2026-09-24 00:50:50,2026-09-24 00:50:50,completed,0,0,0,0.00,0,4704,100.00
case_017.txt,3,11,4704,0.001384615,4444,404.000000,2026-09-24 00:50:50,2026-09-24 00:50:50,completed,0,0,0,0.00,0,4704,100.00
case_017.txt,4,11,4704,0.001378921,4444,404.000000,2026-09-24 00:50:50,2026-09-24 00:50:50,completed,0,0,0,0.00,0,4704,100.00
case_017.txt,5,11,4704,0.001532971,4444,404.000000,2026-09-24 00:50:50,2026-09-24 00:50:50,completed,0,0,0,0.00,0,4704,100.00
case_017.txt,6,11,4704,0.001570129,4444,404.000000,2026-09-24 00:50:50,2026-09-24 00:50:50,completed,0,0,0,0.00,0,4704,100.00
case_017.txt,7,11,4704,0.001382369,4444,404.000000,2026-09-24 00:50:50,2026-09-24 00:50:50,completed,0,0,0,0.00,0,4704,100.00
case_017.txt,8,11,4704,0.001386684,4444,404.000000,2026-09-24 00:50:50,2026-09-24 00:50:50,completed,0,0,0,0.00,0,4704,100.00
case_017.txt,9,11,4704,0.001499300,4444,404.000000,2026-09-24 00:50:50,2026-09-24 00:50:50,completed,0,0,0,0.00,0,4704,100.00
case_017.txt,10,11,4704,0.001399569,4444,404.000000,2026-09-24 00:50:50,2026-09-24 00:50:50,completed,0,0,0,0.00,0,4704,100.00
case_018.txt,1,10,840,0.000389626,4444,444.400000,2026-09-24 00:50:50,2026-09-24 00:50:50,completed,0,0,0,0.00,0,840,100.00
case_018.txt,2,10,840,0.000398709,4444,444.400000,2026-09-24 00:50:50,2026-09-24 00:50:50,completed,0,0,0,0.00,0,840,100.00
case_018.txt,3,10,840,0.000398985,4444,444.400000,2026-09-24 00:50:50,2026-09-24 00:50:50,completed,0,0,0,0.00,0,840,100.00
case_018.txt,4,10,840,0.000529333,4444,444.400000,2026-09-24 00:50:50,2026-09-24 00:50:50,completed,0,0,0,0.00,0,840,100.00
case_018.txt,5,10,840,0.000391262,4444,444.400000,2026-09-24 00:50:50,2026-09-24 00:50:50,completed,0,0,0,0.00,0,840,100.00
case_018.txt,6,10,840,0.000396571,4444,444.400000,2026-09-24 00:50:50,2026-09-24 00:50:50,completed,0,0,0,0.00,0,840,100.00
case_018.txt,7,10,840,0.000463528,4444,444.400000,2026-09-24 00:50:50,2026-09-24 00:50:50,completed,0,0,0,0.00,0,840,100.00
case_018.txt,8,10,840,0.000393389,4444,444.400000,2026-09-24 00:50:50,2026-09-24 00:50:50,completed,0,0,0,0.00,0,840,100.00
case_018.txt,9,10,840,0.000400600,4444,444.400000,2026-09-24 00:50:50,2026-09-24 00:50:50,completed,0,0,0,0.00,0,840,100.00
case_018.txt,10,10,840,0.000393330,4444,444.400000,2026-09-24 00:50:50,2026-09-24 00:50:50,completed,0,0,0,0.00,0,840,100.00
case_019.txt,1,11,4200,0.001457118,4444,404.000000,2026-09-24 00:50:50,2026-09-24 00:50:50,completed,0,0,0,0.00,0,4200,100.00
case_019.txt,2,11,4200,0.001485391,4444,404.000000,2026-09-24 00:50:50,2026-09-24 00:50:50,completed,0,0,0,0.00,0,4200,100.00
case_019.txt,3,11,4200,0.001492237,4444,404.000000,2026-09-24 00:50:50,2026-09-24 00:50:50,completed,0,0,0,0.00,0,4200,100.00
case_019.txt,4,11,4200,0.001618221,4444,404.000000,2026-09-24 00:50:50,2026-09-24 00:50:50,completed,0,0,0,0.00,0,4200,100.00
case_019.txt,5,11,4200,0.001441081,4444,404.000000,2026-09-24 00:50:50,2026-09-24 00:50:50,completed,0,0,0,0.00,0,4200,100.00
case_019.txt,6,11,4200,0.001560583,4444,404.000000,2026-09-24 00:50:50,2026-09-24 00:50:50,completed,0,0,0,0.00,0,4200,100.00
case_019.txt,7,11,4200,0.001425398,4444,404.000000,2026-09-24 00:50:50,2026-09-24 00:50:50,completed,0,0,0,0.00,0,4200,100.00
case_019.txt,8,11,4200,0.001634062,4444,404.000000,2026-09-24 00:50:50,2026-09-24 00:50:50,completed,0,0,0,0.00,0,4200,100.00
case_019.txt,9,11,4200,0.001416690,4444,404.000000,2026-09-24 00:50:50,2026-09-24 00:50:50,completed,0,0,0,0.00,0,4200,100.00
case_019.txt,10,11,4200,0.001620054,4444,404.000000,2026-09-24 00:50:50,2026-09-24 00:50:50,completed,0,0,0,0.00,0,4200,100.00
case_020.txt,1,12,10560,0.003006662,4444,370.333333,2026-09-24 00:50:50,2026-09-24 00:50:50,completed,0,0,0,0.00,0,10560,100.00
case_020.txt,2,12,10560,0.002978405,4444,370.333333,2026-09-24 00:50:50,2026-09-24 00:50:50,completed,0,0,0,0.00,0,10560,100.00
case_020.txt,3,12,10560,0.003313546,4444,370.333333,2026-09-24 00:50:50,2026-09-24 00:50:50,completed,0,0,0,0.00,0,10560,100.00
case_020.txt,4,12,10560,0.002970820,4444,370.333333,2026-09-24 00:50:50,2026-09-24 00:50:50,completed,0,0,0,0.00,0,10560,100.00
case_020.txt,5,12,10560,0.003367470,4444,370.333333,2026-09-24 00:50:50,2026-09-24 00:50:50,completed,0,0,0,0.00,0,10560,100.00
case_020.txt,6,12,10560,0.003271945,4444,370.333333,2026-09-24 00:50:50,2026-09-24 00:50:50,completed,0,0,0,0.00,0,10560,100.00
case_020.txt,7,12,10560,0.002981036,4444,370.333333,2026-09-24 00:50:50,2026-09-24 00:50:50,completed,0,0,0,0.00,0,10560,100.00
case_020.txt,8,12,10560,0.003008589,4444,370.333333,2026-09-24 00:50:50,2026-09-24 00:50:50,completed,0,0,0,0.00,0,10560,100.00
case_020.txt,9,12,10560,0.002976613,4444,370.333333,2026-09-24 00:50:50,2026-09-24 00:50:50,completed,0,0,0,0.00,0,10560,100.00
case_020.txt,10,12,10560,0.003257977,4444,370.333333,2026-09-24 00:50:50,2026-09-24 00:50:50,completed,0,0,0,0.00,0,10560,100.00
case_021.txt,1,13,92400,0.032175955,4444,341.846154,2026-09-24 00:50:50,2026-09-24 00:50:50,completed,0,0,0,0.00,0,92400,100.00
case_021.txt,2,13,92400,0.031646878,4444,341.846154,2026-09-24 00:50:50,2026-09-24 00:50:50,completed,0,0,0,0.00,0,92400,100.00
case_021.txt,3,13,92400,0.032640906,4444,341.846154,2026-09-24 00:50:50,2026-09-24 00:50:50,completed,0,0,0,0.00,0,92400,100.00
case_021.txt,4,13,92400,0.033169486,4444,341.846154,2026-09-24 00:50:50,2026-09-24 00:50:51,completed,0,0,0,0.00,0,92400,100.00
case_021.txt,5,13,92400,0.032167720,4444,341.846154,2026-09-24 00:50:51,2026-09-24 00:50:51,completed,0,0,0,0.00,0,92400,100.00
case_021.txt,6,13,92400,0.031471748,4444,341.846154,2026-09-24 00:50:51,2026-09-24 00:50:51,completed,0,0,0,0.00,0,92400,100.00
case_021.txt,7,13,92400,0.032144620,4444,341.846154,2026-09-24 00:50:51,2026-09-24 00:50:51,completed,0,0,0,0.00,0,92400,100.00
case_021.txt,8,13,92400,0.040941274,4444,341.846154,2026-09-24 00:50:51,2026-09-24 00:50:51,completed,0,0,0,0.00,0,92400,100.00
case_021.txt,9,13,92400,0.044566080,4444,341.846154,2026-09-24 00:50:51,2026-09-24 00:50:51,completed,0,0,0,0.00,0,92400,100.00
case_021.txt,10,13,92400,0.032654693,4444,341.846154,2026-09-24 00:50:51,2026-09-24 00:50:51,completed,0,0,0,0.00,0,92400,100.00
case_022.txt,1,12,13200,0.003581867,4444,370.333333,2026-09-24 00:50:51,2026-09-24 00:50:51,completed,0,0,0,0.00,0,13200,100.00
case_022.txt,2,12,13200,0.003309478,4444,370.333333,2026-09-24 00:50:51,2026-09-24 00:50:51,completed,0,0,0,0.00,0,13200,100.00
case_022.txt,3,12,13200,0.003336489,4444,370.333333,2026-09-24 00:50:51,2026-09-24 00:50:51,completed,0,0,0,0.00,0,13200,100.00
case_022.txt,4,12,13200,0.003322185,4444,370.333333,2026-09-24 00:50:51,2026-09-24 00:50:51,completed,0,0,0,0.00,0,13200,100.00
case_022.txt,5,12,13200,0.003321860,4444,370.333333,2026-09-24 00:50:51,2026-09-24 00:50:51,completed,0,0,0,0.00,0,13200,100.00
case_022.txt,6,12,13200,0.003486441,4444,370.333333,2026-09-24 00:50:51,2026-09-24 00:50:51,completed,0,0,0,0.00,0,13200,100.00
case_022.txt,7,12,13200,0.003924011,4444,370.333333,2026-09-24 00:50:51,2026-09-24 00:50:51,completed,0,0,0,0.00,0,13200,100.00
case_022.txt,8,12,13200,0.003532849,4444,370.333333,2026-09-24 00:50:51,2026-09-24 00:50:51,completed,0,0,0,0.00,0,13200,100.00
case_022.txt,9,12,13200,0.003407081,4444,370.333333,2026-09-24 00:50:51,2026-09-24 00:50:51,completed,0,0,0,0.00,0,13200,100.00
case_022.txt,10,12,13200,0.003617272,4444,370.333333,2026-09-24 00:50:51,2026-09-24 00:50:51,completed,0,0,0,0.00,0,13200,100.00
case_023.txt,1,12,13200,0.003244713,4444,370.333333,2026-09-24 00:50:51,2026-09-24 00:50:51,completed,0,0,0,0.00,0,13200,100.00
case_023.txt,2,12,13200,0.003076275,4444,370.333333,2026-09-24 00:50:51,2026-09-24 00:50:51,completed,0,0,0,0.00,0,13200,100.00
case_023.txt,3,12,13200,0.003135381,4444,370.333333,2026-09-24 00:50:51,2026-09-24 00:50:51,completed,0,0,0,0.00,0,13200,100.00
case_023.txt,4,12,13200,0.003389447,4444,370.333333,2026-09-24 00:50:51,2026-09-24 00:50:51,completed,0,0,0,0.00,0,13200,100.00
case_023.txt,5,12,13200,0.002924226,4444,370.333333,2026-09-24 00:50:51,2026-09-24 00:50:51,completed,0,0,0,0.00,0,13200,100.00
case_023.txt,6,12,13200,0.002986829,4444,370.333333,2026-09-24 00:50:51,2026-09-24 00:50:51,completed,0,0,0,0.00,0,13200,100.00
case_023.txt,7,12,13200,0.002991271,4444,370.333333,2026-09-24 00:50:51,2026-09-24 00:50:51,completed,0,0,0,0.00,0,13200,100.00
case_023.txt,8,12,13200,0.002857642,4444,370.333333,2026-09-24 00:50:51,2026-09-24 00:50:51,completed,0,0,0,0.00,0,13200,100.00
case_023.txt,9,12,13200,0.002961649,4444,370.333333,2026-09-24 00:50:51,2026-09-24 00:50:51,completed,0,0,0,0.00,0,13200,100.00
case_023.txt,10,12,13200,0.002924196,4444,370.333333,2026-09-24 00:50:51,2026-09-24 00:50:51,completed,0,0,0,0.00,0,13200,100.00
case_024.txt,1,12,10560,0.004354539,4444,370.333333,2026-09-24 00:50:51,2026-09-24 00:50:51,completed,0,0,0,0.00,0,10560,100.00
case_024.txt,2,12,10560,0.004625569,4444,370.333333,2026-09-24 00:50:51,2026-09-24 00:50:51,completed,0,0,0,0.00,0,10560,100.00
case_024.txt,3,12,10560,0.004433884,4444,370.333333,2026-09-24 00:50:51,2026-09-24 00:50:51,completed,0,0,0,0.00,0,10560,100.00
case_024.txt,4,12,10560,0.005101116,4444,370.333333,2026-09-24 00:50:51,2026-09-24 00:50:51,completed,0,0,0,0.00,0,10560,100.00
case_024.txt,5,12,10560,0.007108254,4444,370.333333,2026-09-24 00:50:51,2026-09-24 00:50:51,completed,0,0,0,0.00,0,10560,100.00
case_024.txt,6,12,10560,0.004466801,4444,370.333333,2026-09-24 00:50:51,2026-09-24 00:50:51,completed,0,0,0,0.00,0,10560,100.00
case_024.txt,7,12,10560,0.007001666,4444,370.333333,2026-09-24 00:50:51,2026-09-24 00:50:51,completed,0,0,0,0.00,0,10560,100.00
case_024.txt,8,12,10560,0.004478849,4444,370.333333,2026-09-24 00:50:51,2026-09-24 00:50:51,completed,0,0,0,0.00,0,10560,100.00
case_024.txt,9,12,10560,0.004607212,4444,370.333333,2026-09-24 00:50:51,2026-09-24 00:50:51,completed,0,0,0,0.00,0,10560,100.00
case_024.txt,10,12,10560,0.004516490,4444,370.333333,2026-09-24 00:50:51,2026-09-24 00:50:51,completed,0,0,0,0.00,0,10560,100.00
case_025.txt,1,13,73920,0.026759352,4444,341.846154,2026-09-24 00:50:51,2026-09-24 00:50:51,completed,0,0,0,0.00,0,73920,100.00
case_025.txt,2,13,73920,0.028902404,4444,341.846154,2026-09-24 00:50:51,2026-09-24 00:50:51,completed,0,0,0,0.00,0,73920,100.00
case_025.txt,3,13,73920,0.026227448,4444,341.846154,2026-09-24 00:50:51,2026-09-24 00:50:51,completed,0,0,0,0.00,0,73920,100.00
case_025.txt,4,13,73920,0.029305280,4444,341.846154,2026-09-24 00:50:51,2026-09-24 00:50:52,completed,0,0,0,0.00,0,73920,100.00
case_025.txt,5,13,73920,0.026078580,4444,341.846154,2026-09-24 00:50:52,2026-09-24 00:50:52,completed,0,0,0,0.00,0,73920,100.00
case_025.txt,6,13,73920,0.026049134,4444,341.846154,2026-09-24 00:50:52,2026-09-24 00:50:52,completed,0,0,0,0.00,0,73920,100.00
case_025.txt,7,13,73920,0.028087487,4444,341.846154,2026-09-24 00:50:52,2026-09-24 00:50:52,completed,0,0,0,0.00,0,73920,100.00
case_025.txt,8,13,73920,0.027739200,4444,341.846154,2026-09-24 00:50:52,2026-09-24 00:50:52,completed,0,0,0,0.00,0,73920,100.00
case_025.txt,9,13,73920,0.026259119,4444,341.846154,2026-09-24 00:50:52,2026-09-24 00:50:52,completed,0,0,0,0.00,0,73920,100.00
case_025.txt,10,13,73920,0.027220871,4444,341.846154,2026-09-24 00:50:52,2026-09-24 00:50:52,completed,0,0,0,0.00,0,73920,100.00
case_026.txt,1,12,14784,0.002833439,4444,370.333333,2026-09-24 00:50:52,2026-09-24 00:50:52,completed,0,0,0,0.00,0,14784,100.00
case_026.txt,2,12,14784,0.003076658,4444,370.333333,2026-09-24 00:50:52,2026-09-24 00:50:52,completed,0,0,0,0.00,0,14784,100.00
case_026.txt,3,12,14784,0.002654850,4444,370.333333,2026-09-24 00:50:52,2026-09-24 00:50:52,completed,0,0,0,0.00,0,14784,100.00
case_026.txt,4,12,14784,0.002991714,4444,370.333333,2026-09-24 00:50:52,2026-09-24 00:50:52,completed,0,0,0,0.00,0,14784,100.00
case_026.txt,5,12,14784,0.002958014,4444,370.333333,2026-09-24 00:50:52,2026-09-24 00:50:52,completed,0,0,0,0.00,0,14784,100.00
case_026.txt,6,12,14784,0.002767388,4444,370.333333,2026-09-24 00:50:52,2026-09-24 00:50:52,completed,0,0,0,0.00,0,14784,100.00
case_026.txt,7,12,14784,0.003113502,4444,370.333333,2026-09-24 00:50:52,2026-09-24 00:50:52,completed,0,0,0,0.00,0,14784,100.00
case_026.txt,8,12,14784,0.002643836,4444,370.333333,2026-09-24 00:50:52,2026-09-24 00:50:52,completed,0,0,0,0.00,0,14784,100.00
case_026.txt,9,12,14784,0.002590360,4444,370.333333,2026-09-24 00:50:52,2026-09-24 00:50:52,completed,0,0,0,0.00,0,14784,100.00
case_026.txt,10,12,14784,0.002579066,4444,370.333333,2026-09-24 00:50:52,2026-09-24 00:50:52,completed,0,0,0,0.00,0,14784,100.00
case_027.txt,1,12,16500,0.004968117,4444,370.333333,2026-09-24 00:50:52,2026-09-24 00:50:52,completed,0,0,0,0.00,0,16500,100.00
case_027.txt,2,12,16500,0.005475960,4444,370.333333,2026-09-24 00:50:52,2026-09-24 00:50:52,completed,0,0,0,0.00,0,16500,100.00
case_027.txt,3,12,16500,0.005380805,4444,370.333333,2026-09-24 00:50:52,2026-09-24 00:50:52,completed,0,0,0,0.00,0,16500,100.00
case_027.txt,4,12,16500,0.005595576,4444,370.333333,2026-09-24 00:50:52,2026-09-24 00:50:52,completed,0,0,0,0.00,0,16500,100.00
case_027.txt,5,12,16500,0.005342415,4444,370.333333,2026-09-24 00:50:52,2026-09-24 00:50:52,completed,0,0,0,0.00,0,16500,100.00
case_027.txt,6,12,16500,0.005153799,4444,370.333333,2026-09-24 00:50:52,2026-09-24 00:50:52,completed,0,0,0,0.00,0,16500,100.00
case_027.txt,7,12,16500,0.005595783,4444,370.333333,2026-09-24 00:50:52,2026-09-24 00:50:52,completed,0,0,0,0.00,0,16500,100.00
case_027.txt,8,12,16500,0.004777570,4444,370.333333,2026-09-24 00:50:52,2026-09-24 00:50:52,completed,0,0,0,0.00,0,16500,100.00
case_027.txt,9,12,16500,0.005195202,4444,370.333333,2026-09-24 00:50:52,2026-09-24 00:50:52,completed,0,0,0,0.00,0,16500,100.00
case_027.txt,10,12,16500,0.005768658,4444,370.333333,2026-09-24 00:50:52,2026-09-24 00:50:52,completed,0,0,0,0.00,0,16500,100.00
case_028.txt,1,13,73920,0.017008512,4444,341.846154,2026-09-24 00:50:52,2026-09-24 00:50:52,completed,0,0,0,0.00,0,73920,100.00
case_028.txt,2,13,73920,0.016877909,4444,341.846154,2026-09-24 00:50:52,2026-09-24 00:50:52,completed,0,0,0,0.00,0,73920,100.00
case_028.txt,3,13,73920,0.016829435,4444,341.846154,2026-09-24 00:50:52,2026-09-24 00:50:52,completed,0,0,0,0.00,0,73920,100.00
case_028.txt,4,13,73920,0.016750036,4444,341.846154,2026-09-24 00:50:52,2026-09-24 00:50:52,completed,0,0,0,0.00,0,73920,100.00
case_028.txt,5,13,73920,0.017666248,4444,341.846154,2026-09-24 00:50:52,2026-09-24 00:50:52,completed,0,0,0,0.00,0,73920,100.00
case_028.txt,6,13,73920,0.016490730,4444,341.846154,2026-09-24 00:50:52,2026-09-24 00:50:52,completed,0,0,0,0.00,0,73920,100.00
case_028.txt,7,13,73920,0.016850099,4444,341.846154,2026-09-24 00:50:52,2026-09-24 00:50:52,completed,0,0,0,0.00,0,73920,100.00
case_028.txt,8,13,73920,0.016939615,4444,341.846154,2026-09-24 00:50:52,2026-09-24 00:50:52,completed,0,0,0,0.00,0,73920,100.00
case_028.txt,9,13,73920,0.016771355,4444,341.846154,2026-09-24 00:50:52,2026-09-24 00:50:52,completed,0,0,0,0.00,0,73920,100.00
case_028.txt,10,13,73920,0.016593101,4444,341.846154,2026-09-24 00:50:52,2026-09-24 00:50:52,completed,0,0,0,0.00,0,73920,100.00
case_029.txt,1,14,443520,0.137501523,4444,317.428571,2026-09-24 00:50:52,2026-09-24 00:50:53,completed,0,0,0,0.00,0,443520,100.00
case_029.txt,2,14,443520,0.134505923,4444,317.428571,2026-09-24 00:50:53,2026-09-24 00:50:53,completed,0,0,0,0.00,0,443520,100.00
case_029.txt,3,14,443520,0.135142291,4444,317.428571,2026-09-24 00:50:53,2026-09-24 00:50:53,completed,0,0,0,0.00,0,443520,100.00
case_029.txt,4,14,443520,0.133526218,4444,317.428571,2026-09-24 00:50:53,2026-09-24 00:50:53,completed,0,0,0,0.00,0,443520,100.00
case_029.txt,5,14,443520,0.134060625,4444,317.428571,2026-09-24 00:50:53,2026-09-24 00:50:53,completed,0,0,0,0.00,0,443520,100.00
case_029.txt,6,14,443520,0.146850430,4444,317.428571,2026-09-24 00:50:53,2026-09-24 00:50:53,completed,0,0,0,0.00,0,443520,100.00
case_029.txt,7,14,443520,0.137211627,4444,317.428571,2026-09-24 00:50:53,2026-09-24 00:50:54,completed,0,0,0,0.00,0,443520,100.00
case_029.txt,8,14,443520,0.135268029,4444,317.428571,2026-09-24 00:50:54,2026-09-24 00:50:54,completed,0,0,0,0.00,0,443520,100.00
case_029.txt,9,14,443520,0.139237572,4444,317.428571,2026-09-24 00:50:54,2026-09-24 00:50:54,completed,0,0,0,0.00,0,443520,100.00
case_029.txt,10,14,443520,0.134310857,4444,317.428571,2026-09-24 00:50:54,2026-09-24 00:50:54,completed,0,0,0,0.00,0,443520,100.00
case_030.txt,1,13,92400,0.025926141,4444,341.846154,2026-09-24 00:50:54,2026-09-24 00:50:54,completed,0,0,0,0.00,0,92400,100.00
case_030.txt,2,13,92400,0.025105840,4444,341.846154,2026-09-24 00:50:54,2026-09-24 00:50:54,completed,0,0,0,0.00,0,92400,100.00
case_030.txt,3,13,92400,0.025175083,4444,341.846154,2026-09-24 00:50:54,2026-09-24 00:50:54,completed,0,0,0,0.00,0,92400,100.00
case_030.txt,4,13,92400,0.025149592,4444,341.846154,2026-09-24 00:50:54,2026-09-24 00:50:54,completed,0,0,0,0.00,0,92400,100.00
case_030.txt,5,13,92400,0.025036130,4444,341.846154,2026-09-24 00:50:54,2026-09-24 00:50:54,completed,0,0,0,0.00,0,92400,100.00
case_030.txt,6,13,92400,0.024054139,4444,341.846154,2026-09-24 00:50:54,2026-09-24 00:50:54,completed,0,0,0,0.00,0,92400,100.00
case_030.txt,7,13,92400,0.024942801,4444,341.846154,2026-09-24 00:50:54,2026-09-24 00:50:54,completed,0,0,0,0.00,0,92400,100.00
case_030.txt,8,13,92400,0.024924128,4444,341.846154,2026-09-24 00:50:54,2026-09-24 00:50:54,completed,0,0,0,0.00,0,92400,100.00
case_030.txt,9,13,92400,0.025073011,4444,341.846154,2026-09-24 00:50:54,2026-09-24 00:50:54,completed,0,0,0,0.00,0,92400,100.00
case_030.txt,10,13,92400,0.024388166,4444,341.846154,2026-09-24 00:50:54,2026-09-24 00:50:54,completed,0,0,0,0.00,0,92400,100.00
case_031.txt,1,12,13200,0.003409317,4444,370.333333,2026-09-24 00:50:54,2026-09-24 00:50:54,completed,0,0,0,0.00,0,13200,100.00
case_031.txt,2,12,13200,0.003316659,4444,370.333333,2026-09-24 00:50:54,2026-09-24 00:50:54,completed,0,0,0,0.00,0,13200,100.00
case_031.txt,3,12,13200,0.003533104,4444,370.333333,2026-09-24 00:50:54,2026-09-24 00:50:54,completed,0,0,0,0.00,0,13200,100.00
case_031.txt,4,12,13200,0.003527569,4444,370.333333,2026-09-24 00:50:54,2026-09-24 00:50:54,completed,0,0,0,0.00,0,13200,100.00
case_031.txt,5,12,13200,0.003478885,4444,370.333333,2026-09-24 00:50:54,2026-09-24 00:50:54,completed,0,0,0,0.00,0,13200,100.00
case_031.txt,6,12,13200,0.003794244,4444,370.333333,2026-09-24 00:50:54,2026-09-24 00:50:54,completed,0,0,0,0.00,0,13200,100.00
case_031.txt,7,12,13200,0.003924406,4444,370.333333,2026-09-24 00:50:54,2026-09-24 00:50:54,completed,0,0,0,0.00,0,13200,100.00
case_031.txt,8,12,13200,0.003467645,4444,370.333333,2026-09-24 00:50:54,2026-09-24 00:50:54,completed,0,0,0,0.00,0,13200,100.00
case_031.txt,9,12,13200,0.003332031,4444,370.333333,2026-09-24 00:50:54,2026-09-24 00:50:55,completed,0,0,0,0.00,0,13200,100.00
case_031.txt,10,12,13200,0.003387310,4444,370.333333,2026-09-24 00:50:55,2026-09-24 00:50:55,completed,0,0,0,0.00,0,13200,100.00
case_032.txt,1,14,288288,0.086282778,4444,317.428571,2026-09-24 00:50:55,2026-09-24 00:50:55,completed,0,0,0,0.00,0,288288,100.00
case_032.txt,2,14,288288,0.085834577,4444,317.428571,2026-09-24 00:50:55,2026-09-24 00:50:55,completed,0,0,0,0.00,0,288288,100.00
case_032.txt,3,14,288288,0.085648251,4444,317.428571,2026-09-24 00:50:55,2026-09-24 00:50:55,completed,0,0,0,0.00,0,288288,100.00
case_032.txt,4,14,288288,0.087199417,4444,317.428571,2026-09-24 00:50:55,2026-09-24 00:50:55,completed,0,0,0,0.00,0,288288,100.00
case_032.txt,5,14,288288,0.087116467,4444,317.428571,2026-09-24 00:50:55,2026-09-24 00:50:55,completed,0,0,0,0.00,0,288288,100.00
case_032.txt,6,14,288288,0.086128896,4444,317.428571,2026-09-24 00:50:55,2026-09-24 00:50:55,completed,0,0,0,0.00,0,288288,100.00
case_032.txt,7,14,288288,0.093385283,4444,317.428571,2026-09-24 00:50:55,2026-09-24 00:50:55,completed,0,0,0,0.00,0,288288,100.00
case_032.txt,8,14,288288,0.088355893,4444,317.428571,2026-09-24 00:50:55,2026-09-24 00:50:55,completed,0,0,0,0.00,0,288288,100.00
case_032.txt,9,14,288288,0.088957842,4444,317.428571,2026-09-24 00:50:55,2026-09-24 00:50:55,completed,0,0,0,0.00,0,288288,100.00
case_032.txt,10,14,288288,0.088419702,4444,317.428571,2026-09-24 00:50:55,2026-09-24 00:50:56,completed,0,0,0,0.00,0,288288,100.00
case_033.txt,1,14,240240,0.081952963,4444,317.428571,2026-09-24 00:50:56,2026-09-24 00:50:56,completed,0,0,0,0.00,0,240240,100.00
case_033.txt,2,14,240240,0.076156153,4444,317.428571,2026-09-24 00:50:56,2026-09-24 00:50:56,completed,0,0,0,0.00,0,240240,100.00
case_033.txt,3,14,240240,0.074142656,4444,317.428571,2026-09-24 00:50:56,2026-09-24 00:50:56,completed,0,0,0,0.00,0,240240,100.00
case_033.txt,4,14,240240,0.075198722,4444,317.428571,2026-09-24 00:50:56,2026-09-24 00:50:56,completed,0,0,0,0.00,0,240240,100.00
case_033.txt,5,14,240240,0.077215725,4444,317.428571,2026-09-24 00:50:56,2026-09-24 00:50:56,completed,0,0,0,0.00,0,240240,100.00
case_033.txt,6,14,240240,0.074958321,4444,317.428571,2026-09-24 00:50:56,2026-09-24 00:50:56,completed,0,0,0,0.00,0,240240,100.00
case_033.txt,7,14,240240,0.074896640,4444,317.428571,2026-09-24 00:50:56,2026-09-24 00:50:56,completed,0,0,0,0.00,0,240240,100.00
case_033.txt,8,14,240240,0.086739904,4444,317.428571,2026-09-24 00:50:56,2026-09-24 00:50:56,completed,0,0,0,0.00,0,240240,100.00
case_033.txt,9,14,240240,0.086796929,4444,317.428571,2026-09-24 00:50:56,2026-09-24 00:50:56,completed,0,0,0,0.00,0,240240,100.00
case_033.txt,10,14,240240,0.075311637,4444,317.428571,2026-09-24 00:50:56,2026-09-24 00:50:56,completed,0,0,0,0.00,0,240240,100.00
case_034.txt,1,15,1072500,0.401159374,4444,296.266667,2026-09-24 00:50:56,2026-09-24 00:50:57,completed,0,0,0,0.00,0,1072500,100.00
case_034.txt,2,15,1072500,0.380706849,4444,296.266667,2026-09-24 00:50:57,2026-09-24 00:50:57,completed,0,0,0,0.00,0,1072500,100.00
case_034.txt,3,15,1072500,0.371620670,4444,296.266667,2026-09-24 00:50:57,2026-09-24 00:50:58,completed,0,0,0,0.00,0,1072500,100.00
case_034.txt,4,15,1072500,0.383890451,4444,296.266667,2026-09-24 00:50:58,2026-09-24 00:50:58,completed,0,0,0,0.00,0,1072500,100.00
case_034.txt,5,15,1072500,0.382972480,4444,296.266667,2026-09-24 00:50:58,2026-09-24 00:50:58,completed,0,0,0,0.00,0,1072500,100.00
case_034.txt,6,15,1072500,0.378010821,4444,296.266667,2026-09-24 00:50:58,2026-09-24 00:50:59,completed,0,0,0,0.00,0,1072500,100.00
case_034.txt,7,15,1072500,0.380680360,4444,296.266667,2026-09-24 00:50:59,2026-09-24 00:50:59,completed,0,0,0,0.00,0,1072500,100.00
case_034.txt,8,15,1072500,0.379981011,4444,296.266667,2026-09-24 00:50:59,2026-09-24 00:51:00,completed,0,0,0,0.00,0,1072500,100.00
case_034.txt,9,15,1072500,0.378113765,4444,296.266667,2026-09-24 00:51:00,2026-09-24 00:51:00,completed,0,0,0,0.00,0,1072500,100.00
case_034.txt,10,15,1072500,0.409765367,4444,296.266667,2026-09-24 00:51:00,2026-09-24 00:51:00,completed,0,0,0,0.00,0,1072500,100.00
case_035.txt,1,14,171600,0.040193734,4444,317.428571,2026-09-24 00:51:00,2026-09-24 00:51:00,completed,0,0,0,0.00,0,171600,100.00
case_035.txt,2,14,171600,0.040169326,4444,317.428571,2026-09-24 00:51:00,2026-09-24 00:51:01,completed,0,0,0,0.00,0,171600,100.00
case_035.txt,3,14,171600,0.040516994,4444,317.428571,2026-09-24 00:51:01,2026-09-24 00:51:01,completed,0,0,0,0.00,0,171600,100.00
case_035.txt,4,14,171600,0.039064377,4444,317.428571,2026-09-24 00:51:01,2026-09-24 00:51:01,completed,0,0,0,0.00,0,171600,100.00
case_035.txt,5,14,171600,0.042597433,4444,317.428571,2026-09-24 00:51:01,2026-09-24 00:51:01,completed,0,0,0,0.00,0,171600,100.00
case_035.txt,6,14,171600,0.039345455,4444,317.428571,2026-09-24 00:51:01,2026-09-24 00:51:01,completed,0,0,0,0.00,0,171600,100.00
case_035.txt,7,14,171600,0.040932897,4444,317.428571,2026-09-24 00:51:01,2026-09-24 00:51:01,completed,0,0,0,0.00,0,171600,100.00
case_035.txt,8,14,171600,0.039257931,4444,317.428571,2026-09-24 00:51:01,2026-09-24 00:51:01,completed,0,0,0,0.00,0,171600,100.00
case_035.txt,9,14,171600,0.040586001,4444,317.428571,2026-09-24 00:51:01,2026-09-24 00:51:01,completed,0,0,0,0.00,0,171600,100.00
case_035.txt,10,14,171600,0.038937944,4444,317.428571,2026-09-24 00:51:01,2026-09-24 00:51:01,completed,0,0,0,0.00,0,171600,100.00
case_036.txt,1,14,288288,0.094816313,4444,317.428571,2026-09-24 00:51:01,2026-09-24 00:51:01,completed,0,0,0,0.00,0,288288,100.00
case_036.txt,2,14,288288,0.096069529,4444,317.428571,2026-09-24 00:51:01,2026-09-24 00:51:01,completed,0,0,0,0.00,0,288288,100.00
case_036.txt,3,14,288288,0.093556074,4444,317.428571,2026-09-24 00:51:01,2026-09-24 00:51:01,completed,0,0,0,0.00,0,288288,100.00
case_036.txt,4,14,288288,0.113543680,4444,317.428571,2026-09-24 00:51:01,2026-09-24 00:51:01,completed,0,0,0,0.00,0,288288,100.00
case_036.txt,5,14,288288,0.096894321,4444,317.428571,2026-09-24 00:51:01,2026-09-24 00:51:02,completed,0,0,0,0.00,0,288288,100.00
case_036.txt,6,14,288288,0.095944859,4444,317.428571,2026-09-24 00:51:02,2026-09-24 00:51:02,completed,0,0,0,0.00,0,288288,100.00
case_036.txt,7,14,288288,0.097814801,4444,317.428571,2026-09-24 00:51:02,2026-09-24 00:51:02,completed,0,0,0,0.00,0,288288,100.00
case_036.txt,8,14,288288,0.095822472,4444,317.428571,2026-09-24 00:51:02,2026-09-24 00:51:02,completed,0,0,0,0.00,0,288288,100.00
case_036.txt,9,14,288288,0.094718718,4444,317.428571,2026-09-24 00:51:02,2026-09-24 00:51:02,completed,0,0,0,0.00,0,288288,100.00
case_036.txt,10,14,288288,0.095079426,4444,317.428571,2026-09-24 00:51:02,2026-09-24 00:51:02,completed,0,0,0,0.00,0,288288,100.00
case_037.txt,1,14,240240,0.086576825,4444,317.428571,2026-09-24 00:51:02,2026-09-24 00:51:02,completed,0,0,0,0.00,0,240240,100.00
case_037.txt,2,14,240240,0.078697019,4444,317.428571,2026-09-24 00:51:02,2026-09-24 00:51:02,completed,0,0,0,0.00,0,240240,100.00
case_037.txt,3,14,240240,0.078118702,4444,317.428571,2026-09-24 00:51:02,2026-09-24 00:51:02,completed,0,0,0,0.00,0,240240,100.00
case_037.txt,4,14,240240,0.084081851,4444,317.428571,2026-09-24 00:51:02,2026-09-24 00:51:02,completed,0,0,0,0.00,0,240240,100.00
case_037.txt,5,14,240240,0.084766271,4444,317.428571,2026-09-24 00:51:02,2026-09-24 00:51:03,completed,0,0,0,0.00,0,240240,100.00
case_037.txt,6,14,240240,0.076200636,4444,317.428571,2026-09-24 00:51:03,2026-09-24 00:51:03,completed,0,0,0,0.00,0,240240,100.00
case_037.txt,7,14,240240,0.076261848,4444,317.428571,2026-09-24 00:51:03,2026-09-24 00:51:03,completed,0,0,0,0.00,0,240240,100.00
case_037.txt,8,14,240240,0.076223337,4444,317.428571,2026-09-24 00:51:03,2026-09-24 00:51:03,completed,0,0,0,0.00,0,240240,100.00
case_037.txt,9,14,240240,0.076896155,4444,317.428571,2026-09-24 00:51:03,2026-09-24 00:51:03,completed,0,0,0,0.00,0,240240,100.00
case_037.txt,10,14,240240,0.075638205,4444,317.428571,2026-09-24 00:51:03,2026-09-24 00:51:03,completed,0,0,0,0.00,0,240240,100.00
case_038.txt,1,14,300300,0.096094942,4444,317.428571,2026-09-24 00:51:03,2026-09-24 00:51:03,completed,0,0,0,0.00,0,300300,100.00
case_038.txt,2,14,300300,0.092914869,4444,317.428571,2026-09-24 00:51:03,2026-09-24 00:51:03,completed,0,0,0,0.00,0,300300,100.00
case_038.txt,3,14,300300,0.092616041,4444,317.428571,2026-09-24 00:51:03,2026-09-24 00:51:03,completed,0,0,0,0.00,0,300300,100.00
case_038.txt,4,14,300300,0.091211050,4444,317.428571,2026-09-24 00:51:03,2026-09-24 00:51:03,completed,0,0,0,0.00,0,300300,100.00
case_038.txt,5,14,300300,0.092982990,4444,317.428571,2026-09-24 00:51:03,2026-09-24 00:51:04,completed,0,0,0,0.00,0,300300,100.00
case_038.txt,6,14,300300,0.092793344,4444,317.428571,2026-09-24 00:51:04,2026-09-24 00:51:04,completed,0,0,0,0.00,0,300300,100.00
case_038.txt,7,14,300300,0.092985353,4444,317.428571,2026-09-24 00:51:04,2026-09-24 00:51:04,completed,0,0,0,0.00,0,300300,100.00
case_038.txt,8,14,300300,0.092212858,4444,317.428571,2026-09-24 00:51:04,2026-09-24 00:51:04,completed,0,0,0,0.00,0,300300,100.00
case_038.txt,9,14,300300,0.094254570,4444,317.428571,2026-09-24 00:51:04,2026-09-24 00:51:04,completed,0,0,0,0.00,0,300300,100.00
case_038.txt,10,14,300300,0.093366369,4444,317.428571,2026-09-24 00:51:04,2026-09-24 00:51:04,completed,0,0,0,0.00,0,300300,100.00
case_039.txt,1,14,214500,0.107992769,4444,317.428571,2026-09-24 00:51:04,2026-09-24 00:51:04,completed,0,0,0,0.00,0,214500,100.00
case_039.txt,2,14,214500,0.082133705,4444,317.428571,2026-09-24 00:51:04,2026-09-24 00:51:04,completed,0,0,0,0.00,0,214500,100.00
case_039.txt,3,14,214500,0.077461301,4444,317.428571,2026-09-24 00:51:04,2026-09-24 00:51:04,completed,0,0,0,0.00,0,214500,100.00
case_039.txt,4,14,214500,0.076482585,4444,317.428571,2026-09-24 00:51:04,2026-09-24 00:51:04,completed,0,0,0,0.00,0,214500,100.00
case_039.txt,5,14,214500,0.076957267,4444,317.428571,2026-09-24 00:51:04,2026-09-24 00:51:05,completed,0,0,0,0.00,0,214500,100.00
case_039.txt,6,14,214500,0.076363481,4444,317.428571,2026-09-24 00:51:05,2026-09-24 00:51:05,completed,0,0,0,0.00,0,214500,100.00
case_039.txt,7,14,214500,0.077774045,4444,317.428571,2026-09-24 00:51:05,2026-09-24 00:51:05,completed,0,0,0,0.00,0,214500,100.00
case_039.txt,8,14,214500,0.074581944,4444,317.428571,2026-09-24 00:51:05,2026-09-24 00:51:05,completed,0,0,0,0.00,0,214500,100.00
case_039.txt,9,14,214500,0.076731749,4444,317.428571,2026-09-24 00:51:05,2026-09-24 00:51:05,completed,0,0,0,0.00,0,214500,100.00
case_039.txt,10,14,214500,0.075316751,4444,317.428571,2026-09-24 00:51:05,2026-09-24 00:51:05,completed,0,0,0,0.00,0,214500,100.00
case_040.txt,1,13,48048,0.022259568,4444,341.846154,2026-09-24 00:51:05,2026-09-24 00:51:05,completed,0,0,0,0.00,0,48048,100.00
case_040.txt,2,13,48048,0.022914106,4444,341.846154,2026-09-24 00:51:05,2026-09-24 00:51:05,completed,0,0,0,0.00,0,48048,100.00
case_040.txt,3,13,48048,0.021924776,4444,341.846154,2026-09-24 00:51:05,2026-09-24 00:51:05,completed,0,0,0,0.00,0,48048,100.00
case_040.txt,4,13,48048,0.023277599,4444,341.846154,2026-09-24 00:51:05,2026-09-24 00:51:05,completed,0,0,0,0.00,0,48048,100.00
case_040.txt,5,13,48048,0.022055934,4444,341.846154,2026-09-24 00:51:05,2026-09-24 00:51:05,completed,0,0,0,0.00,0,48048,100.00
case_040.txt,6,13,48048,0.022315330,4444,341.846154,2026-09-24 00:51:05,2026-09-24 00:51:05,completed,0,0,0,0.00,0,48048,100.00
case_040.txt,7,13,48048,0.022455792,4444,341.846154,2026-09-24 00:51:05,2026-09-24 00:51:05,completed,0,0,0,0.00,0,48048,100.00
case_040.txt,8,13,48048,0.022724067,4444,341.846154,2026-09-24 00:51:05,2026-09-24 00:51:05,completed,0,0,0,0.00,0,48048,100.00
case_040.txt,9,13,48048,0.023244297,4444,341.846154,2026-09-24 00:51:05,2026-09-24 00:51:05,completed,0,0,0,0.00,0,48048,100.00
case_040.txt,10,13,48048,0.025354470,4444,341.846154,2026-09-24 00:51:05,2026-09-24 00:51:05,completed,0,0,0,0.00,0,48048,100.00
case_041.txt,1,14,288288,0.046521432,4444,317.428571,2026-09-24 00:51:05,2026-09-24 00:51:05,completed,0,0,0,0.00,0,288288,100.00
case_041.txt,2,14,288288,0.046199134,4444,317.428571,2026-09-24 00:51:05,2026-09-24 00:51:05,completed,0,0,0,0.00,0,288288,100.00
case_041.txt,3,14,288288,0.048576238,4444,317.428571,2026-09-24 00:51:05,2026-09-24 00:51:06,completed,0,0,0,0.00,0,288288,100.00
case_041.txt,4,14,288288,0.045493226,4444,317.428571,2026-09-24 00:51:06,2026-09-24 00:51:06,completed,0,0,0,0.00,0,288288,100.00
case_041.txt,5,14,288288,0.047624450,4444,317.428571,2026-09-24 00:51:06,2026-09-24 00:51:06,completed,0,0,0,0.00,0,288288,100.00
case_041.txt,6,14,288288,0.049802810,4444,317.428571,2026-09-24 00:51:06,2026-09-24 00:51:06,completed,0,0,0,0.00,0,288288,100.00
case_041.txt,7,14,288288,0.053860385,4444,317.428571,2026-09-24 00:51:06,2026-09-24 00:51:06,completed,0,0,0,0.00,0,288288,100.00
case_041.txt,8,14,288288,0.047695543,4444,317.428571,2026-09-24 00:51:06,2026-09-24 00:51:06,completed,0,0,0,0.00,0,288288,100.00
case_041.txt,9,14,288288,0.052998347,4444,317.428571,2026-09-24 00:51:06,2026-09-24 00:51:06,completed,0,0,0,0.00,0,288288,100.00
case_041.txt,10,14,288288,0.045875655,4444,317.428571,2026-09-24 00:51:06,2026-09-24 00:51:06,completed,0,0,0,0.00,0,288288,100.00
case_042.txt,1,14,192192,0.074730572,4444,317.428571,2026-09-24 00:51:06,2026-09-24 00:51:06,completed,0,0,0,0.00,0,192192,100.00
case_042.txt,2,14,192192,0.069926260,4444,317.428571,2026-09-24 00:51:06,2026-09-24 00:51:06,completed,0,0,0,0.00,0,192192,100.00
case_042.txt,3,14,192192,0.071787349,4444,317.428571,2026-09-24 00:51:06,2026-09-24 00:51:06,completed,0,0,0,0.00,0,192192,100.00
case_042.txt,4,14,192192,0.074814972,4444,317.428571,2026-09-24 00:51:06,2026-09-24 00:51:06,completed,0,0,0,0.00,0,192192,100.00
case_042.txt,5,14,192192,0.070485368,4444,317.428571,2026-09-24 00:51:06,2026-09-24 00:51:06,completed,0,0,0,0.00,0,192192,100.00
case_042.txt,6,14,192192,0.074587541,4444,317.428571,2026-09-24 00:51:06,2026-09-24 00:51:07,completed,0,0,0,0.00,0,192192,100.00
case_042.txt,7,14,192192,0.071627042,4444,317.428571,2026-09-24 00:51:07,2026-09-24 00:51:07,completed,0,0,0,0.00,0,192192,100.00
case_042.txt,8,14,192192,0.070247365,4444,317.428571,2026-09-24 00:51:07,2026-09-24 00:51:07,completed,0,0,0,0.00,0,192192,100.00
case_042.txt,9,14,192192,0.082291958,4444,317.428571,2026-09-24 00:51:07,2026-09-24 00:51:07,completed,0,0,0,0.00,0,192192,100.00
case_042.txt,10,14,192192,0.169462245,4444,317.428571,2026-09-24 00:51:07,2026-09-24 00:51:07,completed,0,0,0,0.00,0,192192,100.00
case_043.txt,1,15,715000,0.216676624,4444,296.266667,2026-09-24 00:51:07,2026-09-24 00:51:07,completed,0,0,0,0.00,0,715000,100.00
case_043.txt,2,15,715000,0.178278283,4444,296.266667,2026-09-24 00:51:07,2026-09-24 00:51:07,completed,0,0,0,0.00,0,715000,100.00
case_043.txt,3,15,715000,0.190307996,4444,296.266667,2026-09-24 00:51:07,2026-09-24 00:51:08,completed,0,0,0,0.00,0,715000,100.00
case_043.txt,4,15,715000,0.177011344,4444,296.266667,2026-09-24 00:51:08,2026-09-24 00:51:08,completed,0,0,0,0.00,0,715000,100.00
case_043.txt,5,15,715000,0.179408810,4444,296.266667,2026-09-24 00:51:08,2026-09-24 00:51:08,completed,0,0,0,0.00,0,715000,100.00
case_043.txt,6,15,715000,0.179557892,4444,296.266667,2026-09-24 00:51:08,2026-09-24 00:51:08,completed,0,0,0,0.00,0,715000,100.00
case_043.txt,7,15,715000,0.218028461,4444,296.266667,2026-09-24 00:51:08,2026-09-24 00:51:08,completed,0,0,0,0.00,0,715000,100.00
case_043.txt,8,15,715000,0.182561240,4444,296.266667,2026-09-24 00:51:08,2026-09-24 00:51:09,completed,0,0,0,0.00,0,715000,100.00
case_043.txt,9,15,715000,0.178659779,4444,296.266667,2026-09-24 00:51:09,2026-09-24 00:51:09,completed,0,0,0,0.00,0,715000,100.00
case_043.txt,10,15,715000,0.177245483,4444,296.266667,2026-09-24 00:51:09,2026-09-24 00:51:09,completed,0,0,0,0.00,0,715000,100.00
case_044.txt,1,16,3203200,0.899936967,4444,277.750000,2026-09-24 00:51:09,2026-09-24 00:51:10,completed,0,0,0,0.00,0,3203200,100.00
case_044.txt,2,16,3203200,0.883973608,4444,277.750000,2026-09-24 00:51:10,2026-09-24 00:51:11,completed,0,0,0,0.00,0,3203200,100.00
case_044.txt,3,16,3203200,0.845075193,4444,277.750000,2026-09-24 00:51:11,2026-09-24 00:51:12,completed,0,0,0,0.00,0,3203200,100.00
case_044.txt,4,16,3203200,0.849783062,4444,277.750000,2026-09-24 00:51:12,2026-09-24 00:51:13,completed,0,0,0,0.00,0,3203200,100.00
case_044.txt,5,16,3203200,0.849431648,4444,277.750000,2026-09-24 00:51:13,2026-09-24 00:51:13,completed,0,0,0,0.00,0,3203200,100.00
case_044.txt,6,16,3203200,0.816984927,4444,277.750000,2026-09-24 00:51:13,2026-09-24 00:51:14,completed,0,0,0,0.00,0,3203200,100.00
case_044.txt,7,16,3203200,0.842735331,4444,277.750000,2026-09-24 00:51:14,2026-09-24 00:51:15,completed,0,0,0,0.00,0,3203200,100.00
case_044.txt,8,16,3203200,0.819949014,4444,277.750000,2026-09-24 00:51:15,2026-09-24 00:51:16,completed,0,0,0,0.00,0,3203200,100.00
case_044.txt,9,16,3203200,0.820982255,4444,277.750000,2026-09-24 00:51:16,2026-09-24 00:51:17,completed,0,0,0,0.00,0,3203200,100.00
case_044.txt,10,16,3203200,0.820556131,4444,277.750000,2026-09-24 00:51:17,2026-09-24 00:51:18,completed,0,0,0,0.00,0,3203200,100.00
case_045.txt,1,15,800800,0.150337860,4444,296.266667,2026-09-24 00:51:18,2026-09-24 00:51:18,completed,0,0,0,0.00,0,800800,100.00
case_045.txt,2,15,800800,0.151914265,4444,296.266667,2026-09-24 00:51:18,2026-09-24 00:51:18,completed,0,0,0,0.00,0,800800,100.00
case_045.txt,3,15,800800,0.154141768,4444,296.266667,2026-09-24 00:51:18,2026-09-24 00:51:18,completed,0,0,0,0.00,0,800800,100.00
case_045.txt,4,15,800800,0.152638474,4444,296.266667,2026-09-24 00:51:18,2026-09-24 00:51:18,completed,0,0,0,0.00,0,800800,100.00
case_045.txt,5,15,800800,0.154745999,4444,296.266667,2026-09-24 00:51:18,2026-09-24 00:51:18,completed,0,0,0,0.00,0,800800,100.00
case_045.txt,6,15,800800,0.152104620,4444,296.266667,2026-09-24 00:51:18,2026-09-24 00:51:19,completed,0,0,0,0.00,0,800800,100.00
case_045.txt,7,15,800800,0.178626913,4444,296.266667,2026-09-24 00:51:19,2026-09-24 00:51:19,completed,0,0,0,0.00,0,800800,100.00
case_045.txt,8,15,800800,0.150893579,4444,296.266667,2026-09-24 00:51:19,2026-09-24 00:51:19,completed,0,0,0,0.00,0,800800,100.00
case_045.txt,9,15,800800,0.152424914,4444,296.266667,2026-09-24 00:51:19,2026-09-24 00:51:19,completed,0,0,0,0.00,0,800800,100.00
case_045.txt,10,15,800800,0.152737076,4444,296.266667,2026-09-24 00:51:19,2026-09-24 00:51:20,completed,0,0,0,0.00,0,800800,100.00
case_046.txt,1,16,5605600,1.622260988,4444,277.750000,2026-09-24 00:51:20,2026-09-24 00:51:22,completed,0,0,0,0.00,0,5605600,100.00
case_046.txt,2,16,5605600,1.605383998,4444,277.750000,2026-09-24 00:51:22,2026-09-24 00:51:23,completed,0,0,0,0.00,0,5605600,100.00
case_046.txt,3,16,5605600,1.627636549,4444,277.750000,2026-09-24 00:51:23,2026-09-24 00:51:25,completed,0,0,0,0.00,0,5605600,100.00
case_046.txt,4,16,5605600,1.658101083,4444,277.750000,2026-09-24 00:51:25,2026-09-24 00:51:27,completed,0,0,0,0.00,0,5605600,100.00
case_046.txt,5,16,5605600,1.635581482,4444,277.750000,2026-09-24 00:51:27,2026-09-24 00:51:28,completed,0,0,0,0.00,0,5605600,100.00
case_046.txt,6,16,5605600,1.589747169,4444,277.750000,2026-09-24 00:51:28,2026-09-24 00:51:30,completed,0,0,0,0.00,0,5605600,100.00
case_046.txt,7,16,5605600,1.627029167,4444,277.750000,2026-09-24 00:51:30,2026-09-24 00:51:31,completed,0,0,0,0.00,0,5605600,100.00
case_046.txt,8,16,5605600,1.571084253,4444,277.750000,2026-09-24 00:51:31,2026-09-24 00:51:33,completed,0,0,0,0.00,0,5605600,100.00
case_046.txt,9,16,5605600,1.575813660,4444,277.750000,2026-09-24 00:51:33,2026-09-24 00:51:35,completed,0,0,0,0.00,0,5605600,100.00
case_046.txt,10,16,5605600,1.563024879,4444,277.750000,2026-09-24 00:51:35,2026-09-24 00:51:36,completed,0,0,0,0.00,0,5605600,100.00
case_047.txt,1,16,5605600,1.398300460,4444,277.750000,2026-09-24 00:51:36,2026-09-24 00:51:38,completed,0,0,0,0.00,0,5605600,100.00
case_047.txt,2,16,5605600,1.432890802,4444,277.750000,2026-09-24 00:51:38,2026-09-24 00:51:39,completed,0,0,0,0.00,0,5605600,100.00
case_047.txt,3,16,5605600,1.375543099,4444,277.750000,2026-09-24 00:51:39,2026-09-24 00:51:40,completed,0,0,0,0.00,0,5605600,100.00
case_047.txt,4,16,5605600,1.381099312,4444,277.750000,2026-09-24 00:51:40,2026-09-24 00:51:42,completed,0,0,0,0.00,0,5605600,100.00
case_047.txt,5,16,5605600,1.397743092,4444,277.750000,2026-09-24 00:51:42,2026-09-24 00:51:43,completed,0,0,0,0.00,0,5605600,100.00
case_047.txt,6,16,5605600,1.412002150,4444,277.750000,2026-09-24 00:51:43,2026-09-24 00:51:45,completed,0,0,0,0.00,0,5605600,100.00
case_047.txt,7,16,5605600,1.420731606,4444,277.750000,2026-09-24 00:51:45,2026-09-24 00:51:46,completed,0,0,0,0.00,0,5605600,100.00
case_047.txt,8,16,5605600,1.433992369,4444,277.750000,2026-09-24 00:51:46,2026-09-24 00:51:48,completed,0,0,0,0.00,0,5605600,100.00
case_047.txt,9,16,5605600,1.381303595,4444,277.750000,2026-09-24 00:51:48,2026-09-24 00:51:49,completed,0,0,0,0.00,0,5605600,100.00
case_047.txt,10,16,5605600,1.404033490,4444,277.750000,2026-09-24 00:51:49,2026-09-24 00:51:50,completed,0,0,0,0.00,0,5605600,100.00
case_048.txt,1,16,5005000,1.420217096,4444,277.750000,2026-09-24 00:51:50,2026-09-24 00:51:52,completed,0,0,0,0.00,0,5005000,100.00
case_049.txt,1,15,1001000,0.441578322,4104,273.600000,2026-09-24 00:51:57,2026-09-24 00:51:58,completed,0,0,0,0.00,0,1001000,100.00
case_049.txt,2,15,1001000,0.447723799,4104,273.600000,2026-09-24 00:51:58,2026-09-24 00:51:58,completed,0,0,0,0.00,0,1001000,100.00
case_049.txt,3,15,1001000,0.446973964,4104,273.600000,2026-09-24 00:51:58,2026-09-24 00:51:59,completed,0,0,0,0.00,0,1001000,100.00
case_049.txt,4,15,1001000,0.498335758,4104,273.600000,2026-09-24 00:51:59,2026-09-24 00:51:59,completed,0,0,0,0.00,0,1001000,100.00
