filename,runIndex,vertices,triangulations,timeSeconds,peakMemoryBytes,memoryPerVertex,startTime,endTime,status,totalChecks,successfulChecks,failedChecks,checkSuccessRate,invalidTraversals,totalTraversalsExtended,traversalSuccessRate
path03.txt,1,3,1,0.000003758,282624,94208.000000,2026-09-12 18:48:36,2026-09-12 18:48:36,completed,1,0,1,0.00,0,1,100.00
path04.txt,1,4,2,0.000009015,151552,37888.000000,2026-09-12 18:48:37,2026-09-12 18:48:37,completed,6,2,4,33.33,1,3,66.67
path04_v2.txt,1,4,2,0.000009646,212992,53248.000000,2026-09-12 18:48:37,2026-09-12 18:48:37,completed,6,2,4,33.33,1,3,66.67
path05.txt,1,5,12,0.000026847,151552,30310.400000,2026-09-12 18:48:37,2026-09-12 18:48:37,completed,35,16,19,45.71,5,17,70.59
path06.txt,1,6,100,0.000073996,217088,36181.333333,2026-09-12 18:48:37,2026-09-12 18:48:37,completed,250,132,118,52.80,33,133,75.19
path07.txt,1,7,972,0.000721341,282624,40374.857143,2026-09-12 18:48:37,2026-09-12 18:48:37,completed,2154,1236,918,57.38,265,1237,78.58
path08.txt,1,8,10320,0.006815770,278528,34816.000000,2026-09-12 18:48:37,2026-09-12 18:48:37,completed,21148,12742,8406,60.25,2423,12743,80.99
path09.txt,1,9,116004,0.070403875,282624,31402.666667,2026-09-12 18:48:37,2026-09-12 18:48:38,completed,225992,140216,85776,62.04,24213,140217,82.73
path10.txt,1,10,1356984,0.657060653,217088,21708.800000,2026-09-12 18:48:38,2026-09-12 18:48:38,completed,2554541,1614780,939761,63.21,257797,1614781,84.04
path11.txt,1,11,16347228,8.025437384,217088,19735.272727,2026-09-12 18:48:39,2026-09-12 18:48:47,completed,30029387,19223956,10805431,64.02,2876729,19223957,85.04
path12.txt,1,12,201427344,99.157539017,282624,23552.000000,2026-09-12 18:48:47,2026-09-12 18:50:26,completed,363297587,234701224,128596363,64.60,33273881,234701225,85.82
path13.txt,1,13,1882917543,900.027541051,0,0.000000,2026-09-12 18:50:26,2026-09-12 19:05:26,time_limit_exceeded,-952029401,2136361760,-3088391161,0.00,253444218,2136361761,88.14
path14.txt,1,14,2046308712,900.026653077,0,0.000000,2026-09-12 19:05:26,2026-09-12 19:20:26,time_limit_exceeded,-565127282,-2114947872,1549820590,0.00,133710712,2180019424,93.87
path15.txt,1,15,2053716677,900.045566175,0,0.000000,2026-09-12 19:20:26,2026-09-12 19:35:26,time_limit_exceeded,-390689090,-2130298593,1739609503,0.00,110952027,2164668704,94.87
path16.txt,1,16,2008621309,900.022159412,0,0.000000,2026-09-12 19:35:26,2026-09-12 19:50:26,time_limit_exceeded,-338866582,2112132034,-2450998616,0.00,103510726,2112132035,95.10
path17.txt,1,17,1955720871,900.043885441,0,0.000000,2026-09-12 19:50:26,2026-09-12 20:05:26,time_limit_exceeded,-318596749,2058453268,-2377050017,0.00,102732398,2058453269,95.01
path18.txt,1,18,2060878597,900.004091442,0,0.000000,2026-09-12 20:05:26,2026-09-12 20:20:26,time_limit_exceeded,36357946,-2117446919,2153804865,-5823.89,116641780,2177520377,94.64
path19.txt,1,19,2005810869,900.018893481,0,0.000000,2026-09-12 20:20:26,2026-09-12 20:35:26,time_limit_exceeded,83867137,2129209170,-2045342033,2538.79,123398302,2129209171,94.20
path20.txt,1,20,1978895457,900.032379453,0,0.000000,2026-09-12 20:35:26,2026-09-12 20:50:26,time_limit_exceeded,236991379,2112381494,-1875390115,891.33,133486038,2112381495,93.68
path21.txt,1,21,2016663146,900.038383799,0,0.000000,2026-09-12 20:50:26,2026-09-12 21:05:26,time_limit_exceeded,559306585,2146307953,-1587001368,383.74,129644808,2146307954,93.96
path22.txt,1,22,2111442065,900.013922753,0,0.000000,2026-09-12 21:05:26,2026-09-12 21:20:26,time_limit_exceeded,691776739,2111442083,-1419665344,305.22,19,2111442084,100.00
path23.txt,1,23,2115563361,900.009807288,0,0.000000,2026-09-12 21:20:26,2026-09-12 21:35:26,time_limit_exceeded,723266329,2115563380,-1392297051,292.50,20,2115563381,100.00
path24.txt,1,24,2128918256,900.017372731,0,0.000000,2026-09-12 21:35:26,2026-09-12 21:50:26,time_limit_exceeded,754912415,2128918277,-1374005862,282.01,21,2128918277,100.00
path25.txt,1,25,2074996118,900.007996160,0,0.000000,2026-09-12 21:50:26,2026-09-12 22:05:26,time_limit_exceeded,627015361,2074996139,-1447980778,330.93,22,2074996140,100.00
path26.txt,1,26,2039507833,900.006664381,0,0.000000,2026-09-12 22:05:26,2026-09-12 22:20:26,time_limit_exceeded,542586567,2039507855,-1496921288,375.89,23,2039507856,100.00
path27.txt,1,27,2027387026,900.010599145,0,0.000000,2026-09-12 22:20:26,2026-09-12 22:35:26,time_limit_exceeded,513699091,2027387050,-1513687959,394.66,24,2027387050,100.00
path28.txt,1,28,2072157774,900.019362985,0,0.000000,2026-09-12 22:35:26,2026-09-12 22:50:26,time_limit_exceeded,620242912,2072157799,-1451914887,334.09,25,2072157799,100.00
path29.txt,1,29,2068914418,900.026213467,0,0.000000,2026-09-12 22:50:26,2026-09-12 23:05:26,time_limit_exceeded,612540036,2068914444,-1456374408,337.76,26,2068914444,100.00
path30.txt,1,30,1953204013,900.040918107,0,0.000000,2026-09-12 23:05:26,2026-09-12 23:20:26,time_limit_exceeded,337669883,1953204040,-1615534157,578.44,27,1953204040,100.00
path31.txt,1,31,2087822536,900.050143917,0,0.000000,2026-09-12 23:20:26,2026-09-12 23:35:26,time_limit_exceeded,657439523,2087822563,-1430383040,317.57,28,2087822564,100.00
path32.txt,1,32,2052245553,900.000787539,0,0.000000,2026-09-12 23:35:26,2026-09-12 23:50:26,time_limit_exceeded,572926766,2052245581,-1479318815,358.20,29,2052245582,100.00
path33.txt,1,33,340282366920938463463374607429635372401,900.048198981,0,0.000000,2026-09-12 23:50:26,2026-09-13 00:05:26,time_limit_exceeded,833784882,-2132839025,2966623907,-255.80,30,-2132839025,0.00
path34.txt,1,34,340282366920938463463374607429622457140,900.004024954,0,0.000000,2026-09-13 00:05:26,2026-09-13 00:20:26,time_limit_exceeded,803124022,-2145754286,2948878308,-267.18,31,-2145754285,0.00
path35.txt,1,35,340282366920938463463374607429634021568,900.020776226,0,0.000000,2026-09-13 00:20:26,2026-09-13 00:35:27,time_limit_exceeded,830607335,-2134189856,2964797191,-256.94,32,-2134189856,0.00
path36.txt,1,36,2130916291,900.039650629,0,0.000000,2026-09-13 00:35:27,2026-09-13 00:50:27,time_limit_exceeded,759647901,2130916324,-1371268423,280.51,33,2130916324,100.00
path37.txt,1,37,2144739304,900.021416821,0,0.000000,2026-09-13 00:50:27,2026-09-13 01:05:27,time_limit_exceeded,792518368,2144739337,-1352220969,270.62,34,2144739338,100.00
path38.txt,1,38,340282366920938463463374607429655524710,900.045366131,0,0.000000,2026-09-13 01:05:27,2026-09-13 01:20:27,time_limit_exceeded,881447977,-2112686712,2994134689,-239.68,35,-2112686711,0.00
path39.txt,1,39,340282366920938463463374607429645192129,900.043193353,0,0.000000,2026-09-13 01:20:27,2026-09-13 01:35:27,time_limit_exceeded,857051854,-2123019291,2980071145,-247.71,36,-2123019291,0.00
path40.txt,1,40,340282366920938463463374607429630450834,900.016687435,0,0.000000,2026-09-13 01:35:27,2026-09-13 01:50:27,time_limit_exceeded,822147514,-2137760585,2959908099,-260.02,37,-2137760585,0.00
path41.txt,1,41,2101892576,900.050184993,0,0.000000,2026-09-13 01:50:27,2026-09-13 02:05:27,time_limit_exceeded,690899242,2101892613,-1410993371,304.23,38,2101892614,100.00
path42.txt,1,42,2116837882,900.029714917,0,0.000000,2026-09-13 02:05:27,2026-09-13 02:20:27,time_limit_exceeded,726264144,2116837920,-1390573776,291.47,39,2116837921,100.00
path43.txt,1,43,2119974218,900.024420326,0,0.000000,2026-09-13 02:20:27,2026-09-13 02:35:27,time_limit_exceeded,733633837,2119974257,-1386340420,288.97,40,2119974258,100.00
path44.txt,1,44,2085302061,900.042221579,0,0.000000,2026-09-13 02:35:27,2026-09-13 02:50:27,time_limit_exceeded,651499849,2085302101,-1433802252,320.08,41,2085302102,100.00
path45.txt,1,45,2138601699,900.001673650,0,0.000000,2026-09-13 02:50:27,2026-09-13 03:05:27,time_limit_exceeded,777952426,2138601740,-1360649314,274.90,42,2138601741,100.00
path46.txt,1,46,2083706467,900.037461651,0,0.000000,2026-09-13 03:05:27,2026-09-13 03:20:27,time_limit_exceeded,647723525,2083706510,-1435982985,321.70,43,2083706510,100.00
path47.txt,1,47,2130156470,900.046842707,0,0.000000,2026-09-13 03:20:27,2026-09-13 03:35:27,time_limit_exceeded,757847761,2130156513,-1372308752,281.08,44,2130156514,100.00
path48.txt,1,48,340282366920938463463374607429635986610,900.005490966,0,0.000000,2026-09-13 03:35:27,2026-09-13 03:50:27,time_limit_exceeded,835230034,-2132224801,2967454835,-255.29,45,-2132224801,0.00
path49.txt,1,49,2094408976,900.011959522,0,0.000000,2026-09-13 03:50:27,2026-09-13 04:05:27,time_limit_exceeded,673127693,2094409021,-1421281328,311.15,46,2094409022,100.00
path50.txt,1,50,340282366920938463463374607429628645048,900.015670095,0,0.000000,2026-09-13 04:05:27,2026-09-13 04:20:27,time_limit_exceeded,817851766,-2139566362,2957418128,-261.61,47,-2139566361,0.00
path51.txt,1,51,2133514851,900.017076762,0,0.000000,2026-09-13 04:20:27,2026-09-13 04:35:27,time_limit_exceeded,765848245,2133514899,-1367666654,278.58,48,2133514899,100.00
path52.txt,1,52,2120736168,900.010073209,0,0.000000,2026-09-13 04:35:27,2026-09-13 04:50:27,time_limit_exceeded,735400011,2120736216,-1385336205,288.38,49,2120736217,100.00
path53.txt,1,53,2055007295,900.028801239,0,0.000000,2026-09-13 04:50:27,2026-09-13 05:05:27,time_limit_exceeded,579490802,2055007344,-1475516542,354.62,50,2055007345,100.00
path54.txt,1,54,2070143404,900.025962925,0,0.000000,2026-09-13 05:05:27,2026-09-13 05:20:27,time_limit_exceeded,615465299,2070143455,-1454678156,336.35,51,2070143455,100.00
path55.txt,1,55,2052805860,900.019270878,0,0.000000,2026-09-13 05:20:27,2026-09-13 05:35:27,time_limit_exceeded,574248761,2052805912,-1478557151,357.48,52,2052805912,100.00
path56.txt,1,56,1993443099,900.020953183,0,0.000000,2026-09-13 05:35:27,2026-09-13 05:50:27,time_limit_exceeded,433286772,1993443151,-1560156379,460.07,53,1993443152,100.00
path57.txt,1,57,2048534272,900.019690112,0,0.000000,2026-09-13 05:50:27,2026-09-13 06:05:27,time_limit_exceeded,564087980,2048534325,-1484446345,363.16,54,2048534326,100.00
path58.txt,1,58,2019684275,900.002497173,0,0.000000,2026-09-13 06:05:27,2026-09-13 06:20:27,time_limit_exceeded,495572206,2019684329,-1524112123,407.55,55,2019684330,100.00
path59.txt,1,59,2062026885,900.006542030,0,0.000000,2026-09-13 06:20:27,2026-09-13 06:35:27,time_limit_exceeded,596100907,2062026940,-1465926033,345.92,56,2062026941,100.00